title,intro
호의에 대하여,"문형배 재판관이 편견과 독선에 빠지지 않고 작고 평범한 보통의 삶을 지키기 위해 배우고 성찰하며 기록한 120편의 글.
나의 일상을 풍요롭게 채우는 건 어떤 의미인가, 다른 사람의 삶을 온전히 이해할 수 있는가, 사람과 사회는 바뀔 수 있는가. 자작나무에서 지리산으로, 도스토옙스키에서 몽테스키외로, 일상에서 재판까지. 호의는 사람을, 세상을 어떻게 바꾸는가. 받은 것을 사회에 되돌려주라던 김장하 선생과의 추억, 법을 몰라 손해 보는 이들을 헤아리는 마음, ‘자살’을 시도했던 재소자가 ‘살자’는 다짐을 하게 만든 선물, 사랑하는 이를 그리워하며 속절없이 흘리는 눈물, 그리고 건강한 법원과 사회를 향한 진심 어린 조언… 더 나은 길에 대한 소박한 상상과 아름다운 이들에 대한 따뜻한 진심.문형배가 말하는 결코 탄핵할 수 없는 것에 대하여."
다시 시작하는 평생 독서법,"독서의 모든 순간을 즐길 수 있는 '평생 독서법'잘 고르고, 읽고, 쓰고, 남기는 확장된 독서의 모든 것
책 읽는 게 힙한 취미라고 한다. 독서는 더 이상 조용한 취미가 아니라 트렌디한 자기 표현 방식이 되고 있다. 하지만 현실은 어떤가. 책을 사서 올려두고 사진만 찍은 채 끝내는 경우가 많다. 표지가 예뻐서, 제목이 끌려서 샀지만 정작 책장을 넘기기는 어렵다.《어른의 문장력》과 《어른의 문해력》 등 10만 독자의 읽고 쓰기를 책임져온 김선영 작가는 신작 《다시 시작하는 평생 독서법》을 통해 근본적인 독서의 방법을 처음부터 다시 시작하자고 제안한다. 책과 멀어진 이들이 다시 책과 가까워질 수 있도록, 베스트셀러 작가이자 오랜 독서가의 노하우를 아낌없이 쏟아부었다. 그래서 이름도 ‘평생 독서법’이다.“당신이 꽃길보다는 ‘책 읽는 길’을 걸었으면 합니다.”19년 차 베스트셀러 작가의 친절한 독서 매뉴얼잘 고르고, 읽고, 쓰고, 남기는 것까지, 김선영 작가는 요즘 시대에 필요한 독서의 전 과정을 완전히 새롭게 코칭한다. 작가는 이 책을 통해 즐겁고 효율적인 독서의 개념과 방법을 온전히 바꿔놓았다.김선영 작가는 우선 독서의 효능감을 설명하면서 우리를 서서히 설득한다. 2, 3장은 어떻게 고를지에 대한 내용이다. 쉽게 말해 베스트셀러에 휩쓸리지 않고 나에게 딱 맞는 책을 발견하는 노하우를 전한다. 서점 탐색, 온라인 리뷰 활용, 출판사 SNS를 똑똑하게 쓰는 법 등 다양한 방법이 나와 있다. 잘 골랐으면 이제는 잘 읽을 차례다. 4장에서는 나만의 독서 루틴 만들기와 독서 몰입도를 높이는 습관과 장치를 소개한다. 전자책, 오디오북, 아침 낭송 루틴… 현실적인 팁이 가득하다. 마지막 5장은 삶에 오래 남을 아웃풋 독서법을 알려준다. 주로 기록과 관련된 독후 활동 소개로 300자 독후감, 그림 독서, AI와의 대화 같은 신선한 아이디어가 눈길을 끈다.책의 중간중간 저자가 직접 선정한 ‘도끼 같은 책’도 읽는 재미가 풍부한 코너다. 프란츠 카프카의 말처럼 책은 도끼가 되어 우리 안의 얼어붙은 바다를 깨준다. 저자의 꽁꽁 언 바다를 깨준 책이 무엇인지 읽는 재미가 감동까지 전한다. 독서를 다시 시작하려는 이들에게도 좋은 길잡이가 되어줄 것이다."
예약판매세상은 실제로 어떻게 돌아가는가,"세계적 환경과학자 바츨라프 스밀 신작!기후변화, 식량, 에너지, 팬데믹까지미래의 한계와 기회에 대비하기 위한 필독서
세계적 환경과학자이자 경제사학자, 빌 게이츠가 가장 신뢰하는 전방위 사상가 바츨라프 스밀의 신작 《세상은 실제로 어떻게 돌아가는가》. 세계는 어떻게 작동하는가? 무엇이 현대 문명사회를 지탱하는가? 빌 게이츠가 가장 신뢰하는 전방위 사상가 바츨라프 스밀이 식량과 환경부터 에너지, 바이러스, 기후변화까지 객관적 통계와 수학적 자료를 토대로 인류의 과거를 탐색하고, 현대 문명에 대한 오해와 진실을 밝힌다. 우리의 문명을 정확하게 이해하기 위한 과학적 접근으로 세상이 실제로 어떻게 돌아가는지를 파악하고, 더 냉철하고 철저하게 미래의 한계와 기회를 통찰한다.현대인은 어느 시대보다 많은 정보를 접하고 있지만, 도시화·기계화 때문에 대부분 우리 사회의 기반이 되는 식품, 원자재, 상품 등이 어떻게 생산되고 이동하는지 알지 못한다. 이러한 이해 부족 탓에 사람들은 연일 화제가 되는 채팅형 인공지능에 대한 장밋빛 기대나, 기후위기로 세계가 종말을 맞으리란 비통한 예언에 휘둘리곤 한다. 현실적이려면 과학적이어야 한다. 사실 기반의 명확한 데이터와 통계를 치밀하고 집요하게 추적하는 바츨라프 스밀 특유의 서술 방식은 현대 세계의 작동 방식을 설명하는 데 더없이 적합하다. 현 세계가 당면한 문제를 냉철히 진단함으로써 허무맹랑한 예측에 속지 않고 미래의 위기와 기회에 대비할 수 있도록 하는 책이다."
다크 심리학,"국내 최초 ‘다크 심리학’을 기반한 심리 기술출간 전부터 50만 팔로워가 기다린 바로 그 책!지금, 당신이 살아남기 위해 꼭 읽어야 《다크 심리학》
‘다크 심리학’은 인간 본성의 어두운 면을 탐구하여 타인의 감정을 조종하거나 조작하는 기술을 융합한 것이다. 그런데 최근 들어 수많은 사람이 다크 심리학에 깊은 관심을 보인다. 과연 왜 그럴까? 바로 힘과 지혜, 권력과 지식을 통해 자신의 현재 삶을 바꾸고 싶은 인간의 심리가 기저에 깔려 있기 때문이다.국내 최초 다크 심리학을 기반한 심리 기술을 담아낸 《다크 심리학》은 인간의 본성, 그 ‘어두운 프로그래밍’을 실전 기술로 해부한 책이다. 이 책에 담긴 ‘다크 심리 기술’은 우리가 실생활에서 타인을 설득(조종)하고, 갈등을 해결(조작)할 수 있는 탁월한 방법들을 정리한 것이다. 이를 통해 누구나 다양한 관계에서 만연한 심리적 조작에서 벗어날 수 있으며, 반대로 나에게 유리하게 이끄는 기술을 배울 수 있다.사실 ‘다크 심리 기술’은 새로운 지식이 아니다. 인류의 오랜 역사 속에서 계속 반복되어 온 권력 획득과 유지의 법칙을 현대적으로 재해석한 것이다. 그런데 ‘이 기술’을 이미 다른 사람들에게 강력한 무기로 쓰는 사람들이 있다. 그러나 대다수의 사람은 아무것도 모른 채 그냥 조종당하고 있을 뿐이다. 세상의 모든 것은 설계되어 있다. 그런데 당신은 아무 설계도 없이 살아온 것이다.이 책은 이미 조종당하고 있는 이들을 위한 ‘생존 설명서’와 같다. 이 책을 통해 ‘어둠의 구조’와 전략을 알게 된다면, 더는 ‘당하는 희생자’가 아니다. 더 나아가 필요하다면 ‘어둠의 기술’들을 창의적으로 재구성할 수도 있다. 지금, 당신이 살아남기 위해 가장 먼저 읽어야 할 책. 《다크 심리학》을 꼭 만나기를 바란다."
팩트풀니스(50만 부 뉴에디션),"세계 지성계를 사로잡은 50만 부 기념 뉴에디션!“실체를 바라보고, 오해를 줄이며, 마음의 평화를 주는 데이터 인사이트!” _마인드 마이너 송길영 해제 수록전 세계적으로 확증편향이 기승을 부리는 탈진실의 시대에, 막연한 두려움과 편견을 이기는 팩트의 중요성을 일깨우는 세계적 역작! 세계를 이해하기 위한 13가지 문제에서 인간의 평균 정답률은 16%, 침팬지는 33%. 우리는 왜 침팬지를 이기지 못하는가? 똑똑하고 현명한 사람일수록 세상의 참모습을 정확히 알지 못한다! ‘느낌’을 ‘사실’로 인식하는 인간의 비합리적 본능 10가지를 밝히고, 우리의 착각과 달리 세상이 나날이 진보하고 있음을 명확한 데이터와 통계로 증명한 놀라운 통찰. 세상을 바라보는 방식을 바꾸고 미래의 위기와 기회에 대처하기 위해 반드시 읽어야 할 필독서."
예약판매우리 본성의 선한 천사,"인간의 폭력성과 인류 문명사에 관한 충격적 진실!
인간은 폭력성과 어떻게 싸워 왔는가『우리 본성의 선한 천사』. 우리 안에 공존하는 ‘천사’와 ‘악마’, 인류는 어떻게 내면의 선한 천사들로 악한 본성들을 억누르고 점차 덜 폭력적인 세계, 점차 더 인도적인 세상을 진화시켜 왔는가? 현 시대 최고의 지성, 가장 영향력 있는 과학자로 손꼽히는 인지 과학자이자 진화 심리학자인 스티븐 핑커가 우리 사회를 지배하고 있는 ‘폭력을 둘러싼 통념들’에 대해 낱낱이 파헤쳤다.  저자는 고귀한 야만인, 오늘보다 나은 어제, 20세기가 가장 폭력적인 세기라는 편견과 환상을 깨트리고, 수천 년에 걸친 전쟁과 야만, 폭력의 연대기를 통해 인간의 본성을 고찰한다. 100여개의 그래프와 표들로 인류 역사에서 폭력이 지속적으로 감소해왔음을 보여주고, 결국 우리 본성의 선한 천사들이 악마들을 제압함으로써 보다 평화로운 시대가 나아왔다는 희망적인 보고를 들려준다.
이 책은 시대와 지역, 인종, 문화, 문명을 넘나드는 방대한 양의 자료를 토대로 인간사회에서 발생한 폭력을 분석한 실증연구이자 전작인 마음 3부작을 통해 저자가 심층적으로 탐구해 온 인간 본성의 과학을 집대성한 결과물이다. ‘역사상 가장 끔찍한 오늘’, ‘날로 증가하는 폭력’이라는 관념에 의문을 품고, 전쟁과 약탈, 학대, 강간, 살인 등 갖가지 잔혹 행위를 기록한 사료들 뿐 아니라 고고학, 민족지학, 인류학 등 방대한 자료를 분석하여 ‘폭력의 역사’를 재구성하였다. 독자들에게 우리가 살고 있는 오늘이 과거 어느 때보다 덜 잔인하고 덜 폭력적이며 더 평화로운 시대라는 것을 깨닫게 해준다."
예약판매오늘도 잘 놀다 갑니다,"〈소풍족〉 김은영 작가의 첫 에세이10만 구독자를 사로잡은 〈소풍족〉의 쫄깃한 여행기부터사적인 여행의 장면과 감정을 풀어낸 마성의 이야기까지!
《오늘도 잘 놀다 갑니다》는 스스로 '당당한 쫄보'라 말하는 겁 많은 여행자 김은영 작가가 십년지기 〈소풍족〉 박서우와 떠난 여행 에피소드들은 물론이고, 저자의 사적인 여행들에서의 경험과 감정들을 특유의 유쾌한 입담과 솔직함으로 풀어낸 책이다. 여행 중 마주하는 예상치 못한 상황들에서 느끼는 당황스러움, 혼자만의 시간에 떠오르는 복잡한 감정들 그리고 여행이 단순한 휴식이나 재미를 넘어 일상으로 돌아온 후에도 우리 삶에 어떤 변화를 가져다주는지, 그 과정에서 우리는 어떻게 조금씩 성장해 가는지를 보여주는 진솔한 기록이다.영상에서 미처 다 담지 못했던 솔직한 이야기들과 누구나 한번 보면 무한 반복하게 된다는 몽골 여행기는 물론이고, 미공개 에피소드인 러시아 여행기까지, 때로는 겁 많고 서투른 모습 그대로, 때로는 용감하고 당찬 모습들이 고스란히 담긴 이 이야기들은 웃음과 공감을 전하며 읽는 이의 마음까지 산뜻하고 가볍게 만들어 줄 것이다."
혼모노,"‘2024 한국문학의 미래가 될 젊은 작가’ 1위 선정!지금 가장 생생하고 뜨거운 이름,성해나라는 강렬한 세계
2024·2025 젊은작가상, 2024 이효석문학상 우수작품상 수상작 수록작품마다 치밀한 취재와 정교한 구성을 바탕으로 한 개성적인 캐릭터와 강렬하고도 서늘한 서사로 평단과 독자의 주목을 고루 받으며 새로운 세대의 리얼리즘을 열어가고 있다 평가받는 작가 성해나가 두번째 소설집 『혼모노』를 선보인다. 성해나는 2024·2025 젊은작가상, 2024 이효석문학상 우수작품상, 2024 김만중문학상 신인상 등 다수의 문학상을 연달아 수상하고 온라인 서점 예스24가 선정한 ‘2024 한국문학의 미래가 될 젊은 작가’ 투표에서 1위로 선정되는 등 이미 그 화제성을 증명한 바 있다. 첫 소설집 『빛을 걷으면 빛』(문학동네 2022)에서 타인을 이해하려는 시도를 부드럽고 따스한 시선으로 담아내고, 첫 장편소설 『두고 온 여름』(창비 2023)에서 오해와 결별로 얼룩진 과거에 애틋한 인사를 건네고자 했던 그가 『혼모노』에 이르러 더욱 예리해진 문제의식과 흡인력 넘치는 서사를 통해 지역, 정치, 세대 등 우리를 가르는 다양한 경계를 들여다보며 세태의 풍경을 선명하게 묘파해낸다. 특히 이번 소설집에는 지난해 끊임없이 호명되며 문단을 휩쓸었다 해도 과언이 아닐 표제작 「혼모노」를 비롯해 작가에게 2년 연속 젊은작가상을 선사해준 「길티 클럽: 호랑이 만지기」, 이 계절의 소설과 올해의 문제소설에 선정된 「스무드」 등이 수록되어 더욱 눈길을 끈다. “작가의 ‘신명’이라 불”릴(추천사, 이기호) 만큼 “질투 나는 재능”(추천사, 박정민)으로 빛나는 『혼모노』, 그토록 기다려왔던 한국문학의 미래가 바로 지금 우리 앞에 도착해 있다."
안녕이라 그랬어,"“나는 김애란이 오랫동안 사회학자였고이제야말로 유감없이 그렇다고 주장할 것이다.”_신형철(문학평론가)2022 오영수문학상 수상작 「좋은 이웃」,2022 김승옥문학상 우수상 수상작 「홈 파티」 수록
소설가 김애란이 『바깥은 여름』(문학동네, 2017) 이후 팔 년 만에 새 소설집으로 돌아왔다. “사회적 공간 속을 떠다니는 감정의 입자를 포착하고 그것에 명료한 표현을 부여하는 특유의 능력을 예리하게 발휘한 소설”이라는 평과 함께 2022 김승옥문학상 우수상을 수상한 「홈 파티」와 2022 오영수문학상 수상작인 「좋은 이웃」을 비롯해 총 일곱 편의 단편이 수록된 『안녕이라 그랬어』는 강력한 정서적 호소력과 딜레마적 물음으로 한 세계를 중층적으로 쌓아올리는 특장이 여전히 발휘되는 가운데, 이전보다 조금은 서늘하고 비정해진 김애란을 만날 수 있다. 이번 소설집의 주인공은 ‘공간’이라고도 할 수 있다. “많은 희곡 속 사건은 ‘초대’와 ‘방문’, ‘침입’과 ‘도주’로 시작됐다”(「홈 파티」, 42쪽)라는 소설 속 표현처럼, 이번 책에서는 인물들이 누군가의 공간을 방문하면서 이야기가 펼쳐진다. 그곳은 집주인의 미감과 여유를 짐작하게 하는 우아하고 안정적인 공간이거나(「홈 파티」), 값싼 물가와 저렴한 체류 비용 덕분에 한 달 여행이라는 “생애 처음으로 누리는 사치”를 가능하게 하는 해외의 단독주택이다(「숲속 작은 집」). 또는 정성스레 가꾸고 사용해왔지만 이제는 새 집주인을 위해 이사 준비를 해야 하는 전셋집이거나(「좋은 이웃」), 회사를 관두고 그간 모은 돈을 전부 털어 문을 연 책방이기도 하다(「레몬케이크」). 『안녕이라 그랬어』에서 공간이 중요한 이유는 그곳이 단순히 이야기의 배경으로 기능하는 게 아니라 인물들의 삶 그 자체와 같기 때문이다. 특히 우리 사회에서 ‘방 한 칸’이 가지는 의미를 남다른 통찰력으로 묘사해온 바 있는 김애란에게 어떤 공간은 누군가의 경제적, 사회적 지표를 가늠하게 하는 장소이자 한 사람의 내력이 고스란히 담긴 총체적이고 복합적인 장소이다. 때문에 이번 소설집에서 공간을 둘러싸고 벌어지는 갈등은 서로의 삶의 기준이 맞부딪치는 일이라고 할 수 있다. 다른 사람의 공간으로 들어가는 것은, 달리 말하면 나로 살아온 삶의 테두리를 벗어나는 사건인 것이다. 김애란은 「홈 파티」에서 다음과 같이 질문한다. “한 사람이 다른 사람의 자리에 서보는 건 얼마나 어려운 일인가?”(24쪽) 타인의 공간을 방문하는 일은 다른 사람을 이해하는 확장의 길이 될까, 아니면 서로의 기준을 꺾어 누르는 침입의 길이 될까. 어느 때보다 ‘나’라는 테두리를 벗어나 ‘우리’로 나아가기 어려운 현실 속에서, 눈앞의 풍경과 나와 관계 맺는 사람이 돈으로 치환 가능한 숫자가 되어가는 현실 속에서 김애란의 질문은 더욱 절실하게 다가온다. 그리고 그 질문은 이렇게 바꿔 물을 수 있다. 공통의 포기와 낙담을 경험하고 다시금 새로운 출발선이 펼쳐졌을 때, 과연 그전과 무엇이 달라졌고 무엇이 지켜졌느냐고. 또는 무엇이 달라지고 무엇이 지켜져야만 하느냐고. 그것은 바로 누군가에게 안녕과 평안을 묻는 일이 더없이 간절해진 지금 우리에게 필요한 김애란식의 인사일 것이다."
고전이 답했다 마땅히 가져야 할 부에 대하여,"“위대해지는 것을 두려워 마라.마땅히 가져야 할 자신의 부를 거머쥐라!”★★★ 50만 독자가 열광한 ‘올해의 작가’ 고명환 신작 ★★★★★★ ‘부자들의 언어’36개 강연 수록 ★★★★★★ 고전에 던진 46가지 질문들 ★★★
노벨문학상 수상작가 한강과 함께 교보문고 출판어워즈 ‘올해의 작가상’을 수상하며 2024년 고전 읽기 열풍을 몰고 온 이 시대 최고의 자기계발 작가. 한 달에 30여 차례 전국의 강연장을 찾아가 독자들을 만나고, 매일 아침 유튜브를 통해 10만 독자들에게 동기부여 강연을 하는 고명환이 『고전이 답했다 마땅히 살아야 할 삶에 대하여』에 이어 이번에는 ‘마땅히 가져야 할 부(富)’에 대해 말한다.  『고전이 답했다 마땅히 가져야 할 부에 대하여』는 많은 사람들의 고민이자 가장 관심 있는 주제 ‘돈’에 관해 말한다. 나는 부자가 될 수 있는지, 얼마만큼 가져야 하는지, 부자가 되려면 무엇을 해야하는지 등 돈과 관련된 질문을 던지고 고전에서 그 답을 찾아간다. 돈과 성공의 상징 『위대한 개츠비』에서 소외된 도시 하층민의 고통을 다룬 『난장이가 쏘아 올린 작은 공』까지, 전 세계 1억부 판매의 저자인자 세일즈맨 엘버트 하버드의 『가르시아 장군에게 보내는 편지』에서 성경 다음으로 읽힌 성공학의 바이블 『생각하라 그리고 부자가 되어라』까지 수백 년의 경험과 지혜가 압축된 고전을 통해 해답을 찾는다.부의 이치를 깨달으면 누구나 마땅히 가질 수 있다. 저자가 선별한 부록 꼭 알아야 하는 금융용어 ‘부자들의 언어 36개’는 부에 한발 더 가까이 갈 수 있도록 도와줄 것이다."
월요일 수요일 토요일,"“기억은 사라져도, 마음은 더욱 쌓여간다” 일주일에 세 번, 서로의 삶에 머문 그 찬란한 시간들의 기록
단 22페이지의 원고로 오스트리아 지역 문학상을 수상하고, 독일 13개 출판사가 판권을 따내기 위해 경합을 벌인 화제작, 『월요일 수요일 토요일』이 마침내 한국에서 출간되었다.작가 페트라 펠리니는 환자를 돌보는 간호사로 수년간 일하며 쌓은 경험을 바탕으로 이 소설을 집필했다. 장편소설로는 첫 데뷔작이다. 작가는 병원에서 일하면서, 사람들이 자신의 시간을 어떻게 보내는지, 또 어떤 능력으로 삶을 살아가는지, 그리고 무엇이 인간을 인간답게 만드는지를 자주 묻곤 했다. 그리고 그 질문의 답 속에는 슬픔과 고통, 웃음과 희망이 함께 깃들어 있다는 것을 몸소 경험했다.독일에서 정식 출간되기 3년 전인 2021년에 이미 이 소설은 단 22페이지의 원고만으로 오스트리아 지역 최고 문학상을 수상하며 큰 주목을 받았다. 이후 독일의 13개 출판사가 판권을 두고 치열한 경쟁을 벌였고, 결국 유수의 대형 문학 출판사가 판권을 가져갔다. 작가는 출간 직후 한 인터뷰에서 “이 소설을 쓴 것은, 어쩌면 약한 존재를 보호하고 싶다는 내면의 욕망 때문일지도 모르겠다”고 밝혔다. 그러면서 삶에 대한 존중과 인간의 존엄에 대한 예의를 이야기하고 싶었다고 덧붙였다.“감동과 상상이 폭발하는 불꽃놀이 같은 작품” “환하고 섬세하며, 마음을 울리는 문학적 걸작”이라는 오스트리아·독일 언론들의 찬사를 받은 이 소설은, 수많은 독자에게도 “올해 단 한 권만 읽는다면 반드시 이 책”이라는 뜨거운 호평을 받으며 출간 즉시 베스트셀러에 올랐다.『월요일 수요일 토요일』은 무너져가는 일상 속에서 서로를 보듬으며 삶의 윤기와 희망을 되찾아가는 존재들의 이야기다. 죽는 것이 소원인 15세 린다, 세상을 떠난 아내를 여전히 기다리는 86세 노인 후베르트, 그리고 그들 곁의 작고 여린 존재들의 연대를 섬세하고 따뜻한 시선으로 담은 이 소설은, 각기 다른 서로를 이해하고 받아들이며 끝내 ‘곁’이 되어주는 화사하고 찬란한 시간의 기록이기도 하다. 기억은 지워져도, 마음은 사라지지 않는다. 이 책은 그 단단한 진실을, 가장 우아하고 진실한 문장으로 가슴 깊이 전해준다."
박곰희 연금 부자 수업,"“연금 투자야말로 평범한 사람들이 부자가 되는 확실한 방법이다!” 81만 투자 멘토 ‘박곰희TV’가 한 권으로 정리한 연금의 모든 것
대한민국이 초고령사회에 진입한 지금, 더 충격적인 현실이 드러났다. 서울금융복지상담센터 분석에 따르면 개인파산 신청자의 86%가 50대 이상 중장년층이며, 통계청 자료로는 성인 4명 중 1명이 아예 노후 준비를 포기한 상태다. 준비 없는 노후는 더 이상 남의 일이 아니다.이런 절망적인 현실 앞에서 베스트셀러 《박곰희 투자법》 출간 5년 만에 돌아온 금융 유튜버 박곰희가 이번엔 연금으로 평생 월급 받는 비밀을 공개한다. 증권사 출신인 저자는 5년간 금융 유튜버로 활동하며 수많은 구독자의 연금 고민을 직접 들어왔다. “투자를 잘 모르는데 연금은 어떻게 준비해야 할까요?”, “3억 원으로 정말 노후 생활이 가능할까요?”, “55세, 연금 준비 늦은 걸까요?”와 같은 절실한 질문들에 대한 현실적이고 구체적인 답변을 《박곰희 연금 부자 수업》에 녹여냈다. 복잡한 투자 지식이나 목돈 없이도 4개의 절세 통장과 검증된 투자 방법만으로 누구나 따라 할 수 있는 연금 부자 로드맵을 완성했다.이 책의 가장 혁신적인 부분은 은퇴 후 안정적인 자산 인출 전략으로 ‘4% 룰’을 적용했다는 점이다. 저자는 은퇴자금에서 매년 4%씩 인출하면 30년 이상 또는 평생 자금이 고갈되지 않는다는 검증된 방법론을 활용해 원금은 보존하면서 수익으로만 생활하는 ‘마르지 않는 현금흐름’을 만드는 구체적인 방법을 제시한다. 실제로 노벨상을 수여하는 노벨재단도 이와 유사한 원리로 120년간 꾸준히 상금을 지급해오고 있다. 저자는 이 과학적 근거를 바탕으로 연금 자산의 4~6%만 매년 인출하면 평생 사용할 수 있는 전략을 구체화했다.또한 월 50만 원부터 200만 원까지 개인의 투자 여력에 따른 구체적인 포트폴리오와 납입 전략을 제시하고, 자산 규모별로 실제 현금흐름이 어떻게 만들어지는지 보여준다. 단순히 돈을 모으는 것에 그치지 않고, 연금 개시부터 월배당 중심 포트폴리오 전환, 세금 최적화, 수령 방식 선택까지 연금 수령의 모든 과정을 5단계로 나누어 상세히 안내한다. 저자는 “완벽한 계획을 세우는 것보다 불완전하더라도 우선 시작하는 것이 중요하다”고 강조한다. 30~40대 직장인부터 50대 예비 은퇴자까지, 노후 준비를 시작하고 싶지만 어디서부터 손대야 할지 모르는 투자 초보자들에게 이 책은 가장 현실적이고 검증된 해답을 제시한다."
렛뎀 이론,"“그들의 감정은 내 몫이 아닙니다.내버려두세요. 그리고 당신이 할 일을 하세요!”전세계가 열광한‘LET THEM’의 마법, 드디어 한국 상륙!무의미한 노력과 헛발질을 당장 멈추게 할 2025년 최고의 화제작!
“그들의 감정은 내 몫이 아닙니다.내버려두세요. 그리고 당신이 할 일을 하세요!”지금 직장에서, 인간관계에서, 그리고 일상에서 답답함이나 버거움, 또는 좌절감을 느끼고 있다면, 문제는 당신이 아니다. 그건 당신이 인생을 주체적으로 이끌 힘을 타인에게 넘겨주었기 때문이다. 즉 남의 기대, 남의 말, 남의 감정, 남의 행동 같은 통제할 수 없는 일에 에너지와 시간을 낭비하느라, 내가 마땅히 누려야 할 행복의 길로 가지 못하고 있는 것이다. 바로 이럴 때 ‘렛뎀’(Let Them), 즉 내버려두기의 기술을 기억한다면 내 인생의 주도권을 다시 가져올 수 있다.저자 멜 로빈스는 이 책에서 중요하지도 않은 것들을 신경 쓰느라 나를 소모하는 싸움에서 벗어나, 진정 중요한 것-즉 자기 자신, 자기 행복, 목표, 인생-에 집중하는 방법을 알려준다. 통제할 수 없는 일에 에너지를 낭비하지 않는 법, 끊임없는 비교를 멈추고 두려움과 자기 의심을 극복하는 법, 타인의 기대나 평가에서 자유로워지는 법, 건강한 인간관계와 깊은 유대를 만드는 법, 중요한 목표를 자신 있게 추구하는 법, 스트레스에 대한 회복력을 기르는 법, 나만의 성공과 성취의 길을 찾는 법... 이 책은 저자가 SNS에 올린 짧은 영상이 수천만 뷰를 기록하고, ‘Let Them’ 타투 인증샷이 유행처럼 번지면서 그 화제성을 업고 출간하게 되었다. 수백만 독자의 공감과 열렬한 지지를 얻으며 출간 즉시 아마존 베스트셀러 종합 1위에 오른 《렛뎀 이론》은, 오롯이 ‘나’로 충만한 인생을 살고 싶어진 모든 이에게 행복의 잠재력을 열어줄 가장 쉽고 심플한 도구를 선물할 것이다.“정확히 내가 하고 싶은 말이다. 지금껏 읽은 자기계발서 중 단연 최고다!” - 오프라 윈프리 (방송인)"
편안함의 습격,"“당신은 편안함을 얻은 대가로 무엇을 잃었는가?”
오늘날 우리는 그 어느 때보다 편안한 환경에서 살고 있다. 모든 실내는 완벽한 온도 조절 시설을 갖추었고, 배고픔을 느낄 새 없이 주변에 먹을 것이 풍족하며, 현대 의학의 발달로 기대 수명은 늘어났고, 생존을 위협할 만한 도전이 딱히 없다. 그러나 과연 편안함은 건강과 행복한 삶을 가져다주었을까?행동 변화 전문가이자 건강 분야 저널리스트인 마이클 이스터는 북극 알래스카를 비롯해 부탄, 전쟁 지역, 볼리비아 정글 등을 탐험하고, 각 분야 최고의 석학들과 프로 스포츠 선수, 종교 및 환경 지도자에 이르기까지 수천 명의 전문가를 인터뷰하면서 현대인의 건강과 행복, 의미 있는 삶을 탐구해왔다. 삶을 최적화하는 데 실질적인 도움이 되는 과학적 전략을 찾아온 그는 인류가 잃어버린 감각, ‘불편함’에서 해답을 찾았다.저자는 직접 극한의 불편함을 체험하기 위해 33일간 알래스카 오지 순록 사냥을 떠나기도 한다. 흥미진진하고 실험적인 알래스카 취재기와 더불어 뇌과학, 정신분석학, 진화심리학, 운동생리학, 인류학 등 다양한 분야의 혁신적인 연구 결과들을 제시하며, 우리 삶에 불편함이 필요한 근거를 설득력 있게 펼친다.이 책은 ‘편안함이 곧 행복과 충만함으로 이어진다’는 현대의 지배적인 서사에 과감히 도전한다. 인류가 잃어버린 감각, 불편함의 진화적 효용을 탐구하고, 중독, 우울증, 불안, 자살, 비만, 외로움증후군, 번아웃, 삶의 의미 상실 등 현대인들이 당면한 문제가 어떻게 편안함과 연결되는지 심도 있게 분석한다."
모순,"※본 도서의 표지 색상은 2쇄를 주기로 변경됩니다. 등록된 이미지와 다른 색의 표지가 발송될 수 있습니다.※인생은 살아가면서 탐구하는 것!
양귀자 소설의 힘을 보여준 베스트셀러 『모순』. 1998년에 초판이 출간된 이후 132쇄를 찍으며 여전히 많은 사랑을 받고 있는 작품을, 오래도록 소장할 수 있는 양장본으로 새롭게 선보인다. 스물다섯 살 미혼여성 안진진을 통해 모순으로 가득한 우리의 인생을 들여다본다. 작가 특유의 섬세한 문장들로 여러 인물들의 삶을 생생하게 그려내고 있다.시장에서 내복을 팔고 있는 억척스런 어머니와 행방불명 상태로 떠돌다 가끔씩 귀가하는 아버지, 조폭의 보스가 인생의 꿈인 남동생을 가족으로 둔 안진진. 어머니와 일란성 쌍둥이인 이모는 부유하지만 지루한 삶에 지쳐 있고, 가난한 어머니는 처리해야 할 불행들이 많아 지루할 틈이 없다. 안진진은 사뭇 다른 어머니와 이모의 삶을 바라보며 모순투성이인 삶을 어떻게 이해해야 하는지 고민하기 시작하는데….
이 작품이 출간된 지 15년, 모순으로 얽힌 삶은 여전히 어렵기만 하지만 인생을 그냥 흘려보내고 있는 많은 사람들에게 새롭게 인생을 돌아보는 계기를 마련해준다. 일상의 지극히 사소한 에피소드들을 선별해 들려주며, 인생은 그냥 받아들이는 것이 아니라 탐구하면서 살아야 하는 것임을 이야기한다."
자몽살구클럽,"죽고 싶은 아이들의살구 싶은 이야기싱어송라이터 한로로의첫 번째 단편소설
〈자몽살구클럽〉은 싱어송라이터 한로로가 발매할 세 번째 EP 음악 앨범과 연결된 동명의 소설이다. 그는 데뷔 싱글 '입춘'부터 지금까지 사회의 그림자 속에서 살아가는 청춘의 이야기를 음악으로 만들어오고 있다. 이는 한로로 자신이 대한민국 사회 속에서 버둥거리며 살아가는 젊음이기 때문일 것이다. 이상을 꿈꾸는 이상한 자들을 응원하는 '이상비행', 혼란스러운 우리가 서로를 괴롭히는 세태를 고발하는 '집', 다음으로 한로로가 바라본 사회의 단면은 '내몰리는 아이들'이었다. 이 시대는 어른들뿐만 아니라 어린아이들까지 벼랑 끝으로 내몰고 있다는 것, 그 잔인한 현실을 무섭게 직시하는 이야기를 세 번째 음악 앨범으로 한로로는 담고 싶었다. 하지만 약 20분 길이의 음악앨범에 그 모든 이야기를 담을 수는 없었다. 그리하여 한로로는 우리에게 긴 호흡의 소설을 선사하게 된 것이다.죽고 싶은 네명의 아이들이 비밀 클럽 '자몽살구클럽'에서 만나 서로를 살리기로 한다. 각자의 모진 삶을 견디기 힘들어 모인 '소하', '태수', '유민', '보현'의 에피소드는 생존이라는 목표 아래 처절하게 전개된다. 마치 누군가가 겪어봤을 것만 같은 현실 묘사를 통해 한로로는 우리의 유년 속에 자리 잡은 다양한 아픔을 조명한다.가장 순수하고 아름답게 보내야 할 아이들의 시절이 현실에 찌든 어른들에 의해 상처받는다. 이 잔인한 시대의 비극을 소설을 통해 목격하는 것만으로 독자들은 나의 잔인함을 경계하고 보다 더 너그러운 어른이 될 계기를 맞이할 것이다."
류수영의 평생 레시피,"“된장찌개에 식초를 넣었더니, 감칠맛은 더하고 잡내가 날아갔어요.”“당근 기름 하나로 모든 재료를 볶아 만든 김밥은, 향과 풍미가 최고예요.”“설거지 걱정 없이 간단한데 맛은 레스토랑, 원 팬 파스타 이건 혁명이에요!”“미역국에 사과를 넣어 끓인다고요? 오, 이거 대박이에요. 꼭 한번 해보세요.”매일 쏟아지는 후기가 증명하는대한민국 대표 집밥 마스터, 류수영의 첫 요리책!
너무 쉬워서 너무 맛있어서 대한민국 밥상을 발칵 뒤집어놓은, 자타공인 집밥 마스터 ‘어남선생’ 류수영. 수년간 자체 개발한 300여 개의 레시피를 추리고 추리고 추려서 한 권의 책으로 펴낸다. 남녀노소 모두의 입맛을 사로잡을 메뉴부터 한껏 분위기를 낼 수 있는 특식까지, 〈편스토랑〉을 비롯해 그동안 방송에서 소개했던 레시피 중에서 가장 사랑받은 79가지 메뉴를 엄선한 것이다. 책으로 만드는 과정에서 다시 한번 재료와 계량 및 소요 시간에 대한 꼼꼼한 점검이 이루어졌으며, 그 결과 좀 더 정교하고 완벽한 레시피로 재탄생했다.부엌이 좁은 자취생, 끼니 챙기기가 막막한 사회 초년생, 이제 막 결혼한 신혼부부, 아이를 키우는 양육자, 은퇴하신 아버지까지, 남녀노소 불문하고 대한민국 국민이라면 모두의 필독서이다. 류수영이 만드는 음식은 조리법이 복잡하고 어려운 요리가 아니라, 저렴하고 일상적인 재료로 쉽고 간단하지만 깊은 맛을 내는 것이 특징이다. 또한 계량스푼이나 계량컵이 아닌 밥숟가락과 티스푼, 물컵과 소주잔을 이용하고, 후추나 식용유 역시 따로 덜지 않고 용기에서 바로 계량할 수 있도록 하는 등 극강의 간편함을 추구한다. 특히 이번 책에서는 조리도구도 프라이팬, 냄비, 칼 등만 있으면 모든 요리가 가능하며, 그 흔한 오븐이나 에어프라이어 없이 완성할 수 있도록 구성했다.사소한 부분까지 상세하게 설명하고 있어 요리 초보자들도 쉽게 따라 할 수 있다는 점은 이 책의 가장 큰 매력 중 하나일 것이다. 제육볶음의 양념은 밀폐용기 뚜껑을 닫고 흔들면 잘 버무려진다거나, 닭볶음탕의 감자는 웍 가장자리 쪽에 빙 둘러 넣으면 부서지지 않는다거나, 냄비에 식용유를 넣고 바닥에 물결이 생기면 충분히 예열된 것이라거나, 닭백숙을 끓일 때 닭의 다리 힘줄 옆에 칼집을 내고 반대쪽 다리를 넣어 꼬아준다거나, 다진 마늘은 마지막에 넣어야 향이 훨씬 좋다거나, 카레나 반죽물을 갤 때 포크를 이용하면 잘 섞인다거나 하는 것들이 그것이다. 거의 모든 단계마다 적혀 있는 생생한 팁들은 마치 바로 옆에서 나만을 위해 안내하듯 친절하다. 수년에 걸쳐 거듭한 실패와 성공을 바탕으로 다듬어진 정교한 레시피인 만큼 독자들은 그런 시행착오를 조금이라도 덜 경험하기를 바라는 류수영의 마음이다.유튜브에서 ‘류수영 레시피’ ‘어남선생 레시피’ 검색어를 입력하면 뜨는 영상의 누적 합산은 무려 3억 뷰가 넘는다. (2025년 5월 기준) 여기에 쇼츠, 그리고 인스타그램 등의 SNS 채널까지 더하면 더 이상 집계가 어려워질 정도인데, 저렴한 비용으로 차리는 푸짐하고 근사한 집밥, 매일 쏟아지는 후기가 보증한다. “요리 왕초보입니다. 덕분에 우리 집 식탁이 풍부해져요.” “어남선생은 그냥 요리 천재다.” “많은 레시피를 따라해봤지만 류수영 레시피만큼 쉽고 맛있는 건 없었어요.” “너무 맛있어서 내가 한 거 맞나 싶었어요.” 실제로 SNS에는 많은 시청자들이 류수영의 레시피를 따라 요리한 후기와 인증샷 혹은 영상이 올라오고, 관련 유튜브 동영상마다 수백 개의 댓글이 달릴 정도로 높은 참여와 호응을 얻고 있다."
가공범,"히가시노 게이고 작가 데뷔 40주년! 고다이 쓰토무가 시작하는 새로운 시리즈
히가시노 게이고 작가 데뷔 40주년!진실을 찾는 눈, 진심을 향한 걸음 고다이 쓰토무가 시작하는 새로운 시리즈 “이 소재를 작품으로 쓸 날은 오지 않을 거라고 생각했습니다.”- 히가시노 게이고 ‘오늘의 일본을 대표하는 작가’이자 일본 내 ‘단행본 판매 누계 1억 부’ 돌파라는 전대미문의 쾌거를 거둔 히가시노 게이고의 장편소설 『가공범』이 종합 출판 브랜드 북다에서 출간되었다. 1985년 데뷔하여 2025년 작가 데뷔 40주년을 맞이한 그는 『백조와 박쥐』에 한차례 등장한 고다이 쓰토무를 주인공으로 내세움으로써 새로운 시리즈의 시작을 알렸다. 고다이는 예리한 관찰안과 부지런한 발을 지닌 인물로 기존에 작가가 그려 온 천재형 탐정 캐릭터들과는 차이가 있다. 유능함보다는 성실함이 큰 장점인데 긴 시간 묵묵히 미스터리 장르에 헌신해 온 히가시노 게이고와 가장 닮았다.        불에 탄 저택에서 유명 정치인과 전직 배우 부부의 시체가 발견된다. 화려한 삶을 살아온 이들에게 무슨 일이 벌어진 걸까? 두 사람은 무슨 비밀을 끌어안고 있는 것일까? 고다이 형사는 좀처럼 풀리지 않는 사건의 실마리를 풀기 위해 일본 전역을 동분서주 돌아다닌다. 이 과정에서 그가 느낀 사소한 의심이 쌓여 마침내 사건이 품고 있던 엄청난 비밀이 밝혀진다. 천재 캐릭터나 기상천외한 범죄 없이도 여러 번 숨을 멎게 하는 히가시노 게이고의 매력이 더욱 빛을 발하는 작품이다. 『가공범』은 일본 출간 후 이례적으로 빠른 증쇄와 2024년 베스트 미스터리 선정, 2025년 일본미스터리문학 대상 수상, 일본 최대 서점 체인 기노쿠니야·출판 유통사 토한 종합 1위 등의 성과를 거두며 히가시노 매직이 더욱 강력해졌음을 증명해 냈다. 과거의 열정과 현재의 명성에 안주하지 않는, 히가시노 게이고의 작가 인생 40년이 담겼다."
어른의 행복은 조용하다,"요란한 세상에서도 흔들리지 않고 내 삶을 사는 현명한 행복에 관하여행복을 찾는 방법이 아니라불행에 대한 수비력을 길러주는 58가지 인생 이야기
《1cm 다이빙》, 《홈 in 홈》으로 많은 사랑을 받았던 에세이스트 태수가 2년 만의 신작 《어른의 행복은 조용하다》로 돌아왔다. 이번 신작에서 저자 태수는 그동안 선보였던 이야기보다 한층 성숙하고 현명하게 삶의 행복에 가까워지는 방법에 대해 이야기한다. 새로운 것, 짜릿한 것, 남들보다 높은 곳에서 행복하고 싶어 발버둥치는 사람들에게 행복은 꼭 그런 데에만 있는 게 아니라 불행해지지 않는 것에서부터 출발한다고 조용히 알려준다.《어른의 행복은 조용하다》는 요란한 세상에서도 흔들리지 않고 내 삶을 살아가는 튼튼하고 단단한 태도에 대해 말한다. 시끌벅적 기쁜 일을 찾아다니기보다도, 울 일이 없고 별다른 나쁜 일이 없는 하루를 만들어야 한다고 강조한다. 그랬을 때에야 진정한 행복이 우리 곁에 온다는 사실을 다시 한번 일깨워준다.이 책을 먼저 읽은 독자들의 반응 역시 뜨겁다. “울고 싶어지는 날이면 태수 작가의 글을 찾는다. 충분히 울고 다시 나아가기 위해”, “〈불편한 편의점〉 이후로 오랜만에 끝나지 않길 바라던 책”이라며 극찬하고, SNS에서 선보인 선공개 원고에도 빨리 책으로 출간해달라는 요청이 쇄도했다. 이제 당신 차례다. 《어른의 행복은 조용하다》를 읽고 현명하게 행복해질 수 있다. 혹자는 여전히 의심스러운 목소리로 그토록 조용한 인생에서도 행복을 발견할 수 있냐고 묻지만 저자는 확신에 찬 목소리로 단호하게 답한다. “물론”이라고."
해커스 토익 기출 VOCA(보카),"주제별 연상암기로 토익 영단어 30일 완성
1. 토익 기출 보카 30일 완성!2. 주제별 연상암기로 쉽고 재미있게 단어 학습3. 최신 기출 단어 및 출제포인트 수록4. 목표 점수대별 필수 단어로 맞춤 학습 가능5. 출제율 높은 핵심 단어만 골라 효율적으로 학습6. 토익 신유형 대비 〈토익 필수 이디엄 표현〉 수록7. 실전 감각을 키우는 토익 실전문제 13회분 제공(교재 3회+온라인 10회)"
